Position,Compnay,Location,URL
Senior Fullstack Engineer (Ruby/Rails),TimeZest,Anywhere in the World,https://weworkremotely.com/remote-jobs/timezest-senior-fullstack-engineer-ruby-rails-1
Full Stack Ruby Engineer,OpenPlay,USA Only,https://weworkremotely.com/remote-jobs/openplay-full-stack-ruby-engineer
Senior Ruby on Rails Developer,Sidekick Therapy Partners,USA Only,https://weworkremotely.com/remote-jobs/sidekick-therapy-partners-senior-ruby-on-rails-developer
Senior Ruby on Rails - (USD $80-100k starting salary),QuickMail,Anywhere in the World,https://weworkremotely.com/remote-jobs/quickmail-senior-ruby-on-rails-usd-80-100k-starting-salary
Principal Ruby on Rails Developer,Lifetimely,Anywhere in the World,https://weworkremotely.com/remote-jobs/lifetimely-principal-ruby-on-rails-developer
Senior Ruby on Rails Developer: Fully Remote,Proxify AB,Anywhere in the World,https://weworkremotely.com/remote-jobs/proxify-ab-senior-ruby-on-rails-developer-fully-remote
Senior Software Engineer/ Ruby/Rails,Doximity,USA Only,https://weworkremotely.com/remote-jobs/doximity-senior-software-engineer-ruby-rails
Senior Backend Ruby Engineer,zero44 GmbH,Europe Only,https://weworkremotely.com/remote-jobs/zero44-gmbh-senior-backend-ruby-engineer
Ruby in Rails Engineer ,Whitespectre,Anywhere in the World,https://weworkremotely.com/remote-jobs/whitespectre-ruby-in-rails-engineer
Senior Ruby on Rails Developer (LatAm),Proxify AB,Latin America Only,https://weworkremotely.com/remote-jobs/proxify-ab-senior-ruby-on-rails-developer-latam
【未経験者採用/研修制度充実】WEBエンジニア【PHP/Ruby】(1日4時間~週3日~)の求人の詳細,株式会社レンサ,東京都 渋谷区 原宿駅,https://jp.indeed.com/pagead/clk?mo=r&ad=-6NYlbfkN0DSw_Xi6wxGns4fiVmkiSDg-RhUQECSIFgg9Q96c-LS8wtpoVDTqYHxM31NMMS_hDyujPWIu3dnluwxtZOtovP4NcVgcyMRZZCWs4DmI3-z-eV9r8ArYDbCSq044FE1eYFdMwbmy-seZT7WKkR1J1Y53PkXLX52HkHVU8faUujDTPxWfZHMqc6aWthRuYOMwOQzun096EfTb_T7gICsjTEgoYmG-fTOWByMp68dzBDU3DDYB9hGfYAIsI-jYx8OAXrJXJhISv1Dvo0EPRLRDVREJhzY1mlPjEUkZIkhMmizevrLWY2GtQTG2WbxYYqZ6B0YWgYY_F7ydcnFwWM2JCFyR_VWnE1wou_4TFUPfQnxdtxzs3Dx3_iNjgrGgNk6-0-yV7Kf_146B2IJVFrgS1iG6SJJy4ZVqyxIebxXtsMYj80MgpuNvPKg31ejIDURVSNOZLfqZHlAF57Icrj2eeO9aPSYQs8ImxULOLvmejXorhxGBuYFeFmwX9oOwn5-3hX4x6jxAN1nPC_fWfMC7XYZXM3nemQlGYqJ5sw6svoN6A6DksZN9snmUXDy_fkhsEmthCScLz20oeLiVN2f3uP3d6495H_qr3Yh2I3PLuCGGFCWs51XWDmiuVPf-rhfcYMyB5N-Injf1hl1Cy7dLMHd8V35KzqyyWhpSCvX-4Wf9N2Dc9wFeYLqmlzc1hdpTeNc22hJc3KlZVvXyqHz4cCTBoaVeZURR3AiFri4Dm5FhkO4wDbetQqH0VEulxs9BtZUopFqoMR6gg3hsu_MPsA9ItSG6XOVsfM1R03pqLhcF86ZuMxVtTXhBcG_EfJGEexCOqK1_U6bfFS8eTqOnzZ69GpQyGsBmxFig0ZWt4V8QhPSazo2e1jfTP-um4tHrVHT8krqG4R-lB2FtyuxNl6gtQG2Ttrq7V7LOAFbl0modASZCrtqICAk&xkcb=SoCV-_M3Py0EQP3Va50LbzkdCdPP&p=0&fvj=1&vjs=3
エンジニア/Ruby on Railsの教材執筆の求人の詳細,株式会社ライフ,在宅OK in 東京都 渋谷区 渋谷駅,https://jp.indeed.com/company/%E6%A0%AA%E5%BC%8F%E4%BC%9A%E7%A4%BE%E3%83%A9%E3%82%A4%E3%83%95/jobs/Ruby%E3%82%A8%E3%83%B3%E3%82%B8%E3%83%8B%E3%82%A2-50de04e36ef46d7e?fccid=7ff2862e456e400d&vjs=3
プログラマーの求人の詳細,シックスワン,東京都 新宿区,https://jp.indeed.com/rc/clk?jk=26a6a68bccf7592e&fccid=b2776e0be228eea6&vjs=3
未経験Webデザイナー(フルリモート研修)の求人の詳細,株式会社EA(カブシキガイシャ エンジニアース),東京都 新宿区,https://jp.indeed.com/pagead/clk?mo=r&ad=-6NYlbfkN0DkyezT1yRfkJ9ES3rVEG6hkCAmGV9vBS95ciAsxydXaWI_OZEVBbl2MTa4-n-oSJj1qN7NddkcwoYBGfzZO7mfb6V__oaEerupV2hMfry6e17faIsJSv-idtb8OXXdUwur0mlR9vgFtFUP9_WCDjEKXJ2aLXaZ7761uyJFJW75Un4i2l3SzkzGmygR3ZmYnLCW7MlbreXtw_C4eIcPWa9bGsuc0pVDwM1v0YGhU5orKHYqAtJVL1-hl8OtjUeGyPimSjhFZfgvD3Zx9N5PHVU42GY79EXFGiQ9MiLBWPxq5O6NYseEsX00iNebmRWWscwMuAAVlH1S14-qpq1C6sdKoXa7W34AWFaVbFYfpmt7fVfUY9kkuDFyS4aFhahZhOvYzT3oNjY96KC4630jho-Shq5GVU9yKazMw6COAVNAp9fuxVTh69GHz2tyErMe6PqdCIQ92DyE-ys9Xpvu5wpZEZwHBfNVgzopAotg-sQjFro_A3Cf5PRtlOUYDcAbbJWSRX-URN_U77lmSJ76fNipkYr2ylJQ43bCcY5Yq7Pl0tXIhfCw_9hCrkTw2KgPaiqZONGkKuboVWdAsPEejHrRn9zyKYmV-yxmWnklDRTEFOAkDmgThpRYUhdj5Fm0y4EoycJrOkPCqdzRIitu38QYc6K5icnUu3jIwQfLmvqJbLuqVBXriqvzO2hliAlmtXycC8nTdfkuwt-VG4tGd2D51ppuSAvT-StKMTCtBHmtsdqdZF3W92FV1hf_nIeqYANhRVSCytw1lb4dqNLuE7a82__bo9Jpdn5S2T1V1Y5bwA==&xkcb=SoAI-_M3Py0EQP3Va50IbzkdCdPP&p=3&fvj=1&vjs=3
Software Developerの求人の詳細,株式会社コントロールテクノロジー,東京都 港区 品川駅,https://jp.indeed.com/pagead/clk?mo=r&ad=-6NYlbfkN0CtNPZxacLRDjKOent44KRfFlxvTkvEKOIavUh6cuLSdmx2vioSrR3KTzvHG24nj6TYBCC3z0idyw97_KtyfbJcUwUICr_P7E3odg-s71WNlqDSnG4EjUEF7ne4gI37ARg2ojQkxABZc01KF5xo0E-4ENNdMOlYqerUgu6E1dLpPlSMA4ugHPwCp-4upml4PNpszOF0evqHSrB-0PhOG0vJQ_68N-8QsCc3ZFstjL0r0qSLdSstMdFH8sIEUZeydicrc8GU93pLcRNmWWo-afeZ8O40476o7uU2mKRt5MSD-w8u8ubDTSyvO-3gxrpBNzqrLWEhec1aGkrMecGI9PnjM5mJpbkGmLgYBXXP42y4z6MdgqOH67nFNxaeCZFYYG-xAi19iBt4HW3mZhY-ob77iJ3W-ofwi4_0-XyAltUT9p0fqS7nK52w2roys5aOn_F7-s_GCzVzO7iPPs8dKGPcI66IyxGteHPC1U1aC4U1uxr0y2wPtVkRArXw3Ddejls=&xkcb=SoCG-_M3Py0EQP3Va50PbzkdCdPP&p=4&fvj=1&vjs=3
フリーランスエンジニア・Rubyエンジニアの求人の詳細,株式会社アスタ,在宅OK in 東京都 港区,https://jp.indeed.com/company/%E6%A0%AA%E5%BC%8F%E4%BC%9A%E7%A4%BE%E3%82%A2%E3%82%B9%E3%82%BF/jobs/Ruby%E3%82%A8%E3%83%B3%E3%82%B8%E3%83%8B%E3%82%A2-b21b7afbab0b87a8?fccid=f07b77eb7995779a&vjs=3
【未経験可】ゲームプログラマー(正社員/土日祝休み/研修2ヶ月)の求人の詳細,株式会社ユニゾン・テクノロジー,神奈川県 茅ヶ崎市 茅ヶ崎駅,https://jp.indeed.com/pagead/clk?mo=r&ad=-6NYlbfkN0CqX3vZCq8SABbfrEy3k0s8YvxpzSLORoTCSrRpe9W119H1tpaePKGZe-M-1l1bS9RWDrkw1slJE8Fn9N9vAH7DBWAHuyx4GIhac9johMSm7q6fJjRV7awGG0LRvxSHfj2ZCe4MPBsyLSUB7HHmWNwxDxvgWvLdNgwICPz1eqmirYk8PqK6ge33PPlUA5hwWS5GTfvpVB-iLkjqnlOBZVOPWdjtcKA3VUEgJipLMdCTN4fttmFvhBI1vCRwEbF5gRELyrs7jGVamgo6nEt79nHBek7LWDcs6ltrVOcpabn5ktPNqPrJQDpqxgpEbsHC6eSYLF8ACpBM_ygWBLUj-N5B8hhFOr0i_xHiTZ9zsD8JWVbTCoEyjs-G-2qnJ2BsJnWM1hjlhyFMprQOsaTHpJ7Kz3G2P4T8y6rcfbBTJ0S-wW-p1GVj0qdIDtf1YpMZQYzF6l0Tbk5W_ZFmzu0ysO6RbUNIFNlz4pceIseowawguorxvu9cy5urW-MxlOcRtR89YRG3uy0sNiHV_l_W5H7ZH0-JSMv2APOmCEe2CgfE8DpIyga55qmnrnAj7CYvtSCbb4kcJQk3dqkefSXWKVaIATrzaaeLGlHYI18mtAx8fjTtMqMMXU9_lU9jMf4aUb98t7MoCBam46E3J2YcSjUxFK1dRqnuPY0cGGjry--jTbQ3dU7GUcwkFTH8evy_Fuf_nAcXkf2d1wuZoYs2Evs8hOQ44FKFDYOUQDinitSkBhdpNJji7pwBadvWY6JmoN5iHeYh2HL08X0RQ6M3NGxgly_GcYCpAlJOwK4LpAPmWuLRhH7hd2xTs6_DaxQKmf4zBOFEOkwnjvWyzxeYHBVAq1e7pZG1I1F89qZVi-dGMMlqEPS6dNBfEvLYVv9zKHy6scbEyUMmQ7RQhLJWjRMe8d268nJaU-SdjTVMmPWu1AaWBuLe_AqO78ky4r0DiyJo83N9spCG0b2gcmsPZcTJXTdk6B-Hifg=&xkcb=SoCv-_M3Py0EQP3Va50NbzkdCdPP&p=6&fvj=1&vjs=3
Ruby/旅行サイトの開発業務の求人の詳細,株式会社Arkanoids,東京都 渋谷区 渋谷駅,https://jp.indeed.com/company/%E6%A0%AA%E5%BC%8F%E4%BC%9A%E7%A4%BEArkanoids/jobs/%E6%97%85%E8%A1%8C%E6%A5%AD%E5%8B%99-178fd85b1b169768?fccid=a3d18795913cab07&vjs=3
【未経験からエンジニアに】WEB/アプリ開発プログラマー【PHP/Ruby/Kotlin/AWS】(1日4時間~週3日~)の求人の詳細,株式会社レンサ,東京都 渋谷区 原宿駅,https://jp.indeed.com/pagead/clk?mo=r&ad=-6NYlbfkN0DSw_Xi6wxGns4fiVmkiSDg-RhUQECSIFgg9Q96c-LS88hV_0dRv4PEepbGo1ARwIJQWHVibnxKK_bUPNA87MdCHhVQ8eQ2A5NfUx5YofUAtWIAckYO0v-CEBhZN1CF-qMOuLxGRyRSn8LUOAkFQvxISd5MQ4pJBiMYBliolgilRps6vu9_hABKFabjqIfea_yyYikSUfXxp2KljYcpoNGrBdK_sgXkhVj2KgoUmrF2bf8U1A5GMdEiepFnSyIwxXbN6x0VFIztS69hxYinjfYSZfd2ngh_fNlOwf2yzmPRh8SMO4tuvVkaQ1WY0_djIHqeAVe6TLk5YHFqORyQnSbP0pj0-enaEM82AMH_BDcSTbuSL9fsS4lR5QOFeqOpfFriePCCS9DUUoWUJi4DQDxMO8VLkcL-hEBB6yYnMZrM4tuS8zlKy6fi2ibxyVmtBwM6ViTSlfmX4Sv_1PIHlxqGN9Ewgwva8w9xVlWSbGKLCoVK4ilDPRqeDbyPGrjHEhzYxmpofqiqLeY2pNAIthbZw2o87ojesDZCtfQJJs6T8zhG-xWFrxNyA63G5FMM1c0fqOf-7WBQ5v-ro6nHxJCHryqQsZ-7hIyHVP2BD7x_TPxtOJBIJmdfSi3aly1hXBQCH7KuqXXRFJIgCda_5r--3eZAvMHmtWE91h76R6gPWuWgZdrI_5slIeh60qdhhyva5GrrDxNgohzXlwiT3RrAL5SMZXz8bOvt3fYMzWVb2FJ1icr-2v8OFjgqXsGRVmkx4CuXPJdKxG6Mcq7COCwkIuFsdZKg3NVTgKHmX8miiWv8mdSxvOZNdIwxYa7ZqPx3t6mkS04y1Mkdsb5191pu9Wcbd1Ur7E0-jX8DDIW1hTJ6iprcVS3s2TJMd_oF6bHSina20UzYMIrL4-WSwtO6jY88iy56oZQF52mtq7cJ5Z1a61e5xTsQQ-Uh4Ts57V9jlPFBPZshh2o_F6iCJCknbrVS5l5Se1rvs5NiMLliDWNtkoE9Pw6VnQX5BinbIoTFVB1JD0IE18iccQIIxSNf6iCXK_3Voac=&xkcb=SoDy-_M3Py0EQP3Va50DbzkdCdPP&p=8&fvj=1&vjs=3
Ruby/PHP フリーランスエンジニア(フルリモート)の求人の詳細,ACE Inc.,在宅OK in 東京都 港区,https://jp.indeed.com/rc/clk?cmp=ACE-Inc.&ti=Ruby%2Fphp+%E3%83%95%E3%83%AA%E3%83%BC%E3%83%A9%E3%83%B3%E3%82%B9%E3%82%A8%E3%83%B3%E3%82%B8%E3%83%8B%E3%82%A2%28%E3%83%95%E3%83%AB%E3%83%AA%E3%83%A2%E3%83%BC%E3%83%88%29&jk=63a54f908bcffbbd&fccid=c26c8ebf09c0094f&vjs=3
EC系アプリ改修の業務(Ruby)の求人の詳細,株式会社スキルコネクト,神奈川県 横浜市,https://jp.indeed.com/rc/clk?jk=c06aa85b53b8bc05&fccid=d061d354a33697e3&vjs=3
Ruby/薬局向け先端サービス開発業務の求人の詳細,株式会社Arkanoids,在宅OK in 東京都 23区,https://jp.indeed.com/company/%E6%A0%AA%E5%BC%8F%E4%BC%9A%E7%A4%BEArkanoids/jobs/%E9%96%8B%E7%99%BA-8bd3a67aa5eb942f?fccid=a3d18795913cab07&vjs=3
Ruby/釣り業界向けアプリ開発支援業務の求人の詳細,株式会社Arkanoids,在宅OK in 東京都 23区,https://jp.indeed.com/rc/clk?cmp=%E6%A0%AA%E5%BC%8F%E4%BC%9A%E7%A4%BEArkanoids&ti=%E3%82%A2%E3%83%97%E3%83%AA%E9%96%8B%E7%99%BA%E3%83%BB%E9%81%8B%E7%94%A8&jk=0187db185c1c6270&fccid=a3d18795913cab07&vjs=3
Rubyエンジニアの求人の詳細,株式会社Arkanoids,東京都 中央区,https://jp.indeed.com/rc/clk?jk=728a0ea4d8dfd972&fccid=a3d18795913cab07&vjs=3
フリーランスエンジニア | Python / Ruby/ボイスチャットアプリ開発の求人・案件の求人の詳細,株式会社コーボー,東京都 港区,https://jp.indeed.com/company/%E6%A0%AA%E5%BC%8F%E4%BC%9A%E7%A4%BE%E3%82%B3%E3%83%BC%E3%83%9C%E3%83%BC/jobs/%E9%96%8B%E7%99%BA-39b9148abdc8f03f?fccid=9c435bca63befb85&vjs=3
フリーランスエンジニア・Rubyエンジニアの求人の詳細,株式会社アスタ,在宅OK in 東京都 港区,https://jp.indeed.com/company/%E6%A0%AA%E5%BC%8F%E4%BC%9A%E7%A4%BE%E3%82%A2%E3%82%B9%E3%82%BF/jobs/Ruby%E3%82%A8%E3%83%B3%E3%82%B8%E3%83%8B%E3%82%A2-b21b7afbab0b87a8?fccid=f07b77eb7995779a&vjs=3
【未経験可】ゲームプログラマー(正社員/土日祝休み/研修2ヶ月)の求人の詳細,株式会社ユニゾン・テクノロジー,神奈川県 茅ヶ崎市 茅ヶ崎駅,https://jp.indeed.com/pagead/clk?mo=r&ad=-6NYlbfkN0CqX3vZCq8SABbfrEy3k0s8YvxpzSLORoTCSrRpe9W119H1tpaePKGZe-M-1l1bS9RWDrkw1slJE8Fn9N9vAH7DBWAHuyx4GIhac9johMSm7q6fJjRV7awGG0LRvxSHfj2ZCe4MPBsyLSUB7HHmWNwxDxvgWvLdNgwICPz1eqmirYk8PqK6ge33zfaAMG82Tyj3A1wF0bHBmiV-AAexoCM-gUvE3JqfFPLknOhKVavunxAAxovySzWAoqM9-FKs3aEO1PWPPKNN5lpJ0qYi8Jnrho-Lrk5tmu7mjAp2yIUkpguoBoRpaV7IIsdvGgofs9J-i2AansLvGDzQBPiD8yOu7Z_vGju3CvtlJh83oWgZxvjWFJ4yVAywHs5zEwPt0L3coA5PjMiFyJE_81mMTuTtZ_W_PBPtCKvDbv6x8JapzaefZ4kAVqdZsSfNQo-cwqrf_mSrVOowXx23KRMyOCt8pN7RacKLWpXt_efrGTcnHdmXuLigKCWm69CCxOZYDvj3b9lLIMJy2ANbIYZqAiyTjVHyYTDaybK8ob8vyXJzjxYqGDDdtfFqC1gV6TpFDqEvoMdwDzlUTpQn3Jl1vvbRG__MViZHOrO2Qs05ElypAHpOiu2M32SzZYcxWcABjCmVnzFqCAvhgYrLpl4Y1lfBqYPlCtCyLWWLBqcOnlAUOeOAsXiX6yf2mxYVKl9rf1e6YA1o1w9K0z5gTLOikLX4NEK3ZINTqKHEXmR12N2JII5CkBkYA31i0ep2xwBhAIVFz-o6465TpVRbJuq_aOkq_4IIHxq5makqMeqDYsnW1dv1k8-xTb2vRT21EugR9PJWQrxPbJynswuJv6S5cFgHNL0U7fbXLQMv-DxVgi6B6cJYFLKLIZAR-nx_apTleWvjeWKCgVFp8KL-G9cm7_cYthouV4sxNVeFM6Vp5BQvwPv3QEO5dvRLKGWz5lxP1BkcOo1Tyq9z-Kycd_fI24quuZYIAdwcz6I=&xkcb=SoBg-_M3Py0DyS26Rh0KbzkdCdPP&p=1&fvj=1&vjs=3
Ruby/旅行サイトの開発業務の求人の詳細,株式会社Arkanoids,東京都 渋谷区 渋谷駅,https://jp.indeed.com/company/%E6%A0%AA%E5%BC%8F%E4%BC%9A%E7%A4%BEArkanoids/jobs/%E6%97%85%E8%A1%8C%E6%A5%AD%E5%8B%99-178fd85b1b169768?fccid=a3d18795913cab07&vjs=3
未経験から始めるITエンジニアの求人の詳細,株式会社IIJプロテック,神奈川県 横浜市 西区 みなとみらい駅,https://jp.indeed.com/pagead/clk?mo=r&ad=-6NYlbfkN0DHqcYVRG6RqiHCITLCctTJ0bCmoh7xhjKJLUIiL-IllvffsnLcx64vLmvsOw1hrPUPIMQkPKNxN9Z-glnSfVfVl-64KaYg2-RbO6VpiatkG9vbnZY5tiZy6YW08oR2BZYkKapxJmJwLRDi2BrHo9dv8MDW8Soyd4SJlidKC4rF00PTOIkQdFzyV_YH_R7GpCR1Cwn2L5DQXVf6SqubnmUZS0Y_8fO3Uoz0C5KJnQhvdv_tV8rE6X4urMa9xbKUzjvl0_vobOkZl8tBmDHouMHP7yCLWrK4J2WXaYdk80yN_qYkumIb40vWzaB86JFLPhe6SMn145FmVp6jjHyBUIv3x7cD8meFZMW5OAcSQwNhgyYvYPDVPEXmmX1RPJwNSiIWjRR3e3iElKTsRqJ3Lho-1sXUvvf6SX4D3EoE3wa4rNt-_Vb8pzlrhdgAE1RJCpFzfluIvGfhrLoGAlf37rgrBeLg_zn61lsLaOSxBUVJSefSXZaiv0QmCASFEZKdkPFDAXSgwQizdIMDbd5liZBnvtJUqP0ypZqa0Amc2QsIkMegCH31tyxhz0dSXOR978LkkCq5R08v1SWmiXvPsvHvgIQ9Am-r130K2x0MxWNzlu2_lBfblGUmrIk-dwCdDQfEeXhhbtGn4zszPyaZYXszaTwUxRnX_YfbXmOv0sQLTR3eTnfndyvE4VfiBKh3bn8eD87Ee6s9p3paBt1jliBx3ouzSzRQ_9oz3Yj3DRLeUw==&xkcb=SoBJ-_M3Py0DyS26Rh0IbzkdCdPP&p=3&fvj=1&vjs=3
Ruby/PHP フリーランスエンジニア(フルリモート)の求人の詳細,ACE Inc.,在宅OK in 東京都 港区,https://jp.indeed.com/rc/clk?cmp=ACE-Inc.&ti=Ruby%2Fphp+%E3%83%95%E3%83%AA%E3%83%BC%E3%83%A9%E3%83%B3%E3%82%B9%E3%82%A8%E3%83%B3%E3%82%B8%E3%83%8B%E3%82%A2%28%E3%83%95%E3%83%AB%E3%83%AA%E3%83%A2%E3%83%BC%E3%83%88%29&jk=63a54f908bcffbbd&fccid=c26c8ebf09c0094f&vjs=3
【Ruby】自社サービス新機能追加/経験者のみの求人の詳細,レバテックフリーランス,東京都 千代田区 飯田橋,https://jp.indeed.com/pagead/clk?mo=r&ad=-6NYlbfkN0AsTlSaBqJOVEvYo1DpewtHiEmmnrAmP1pObe0IvdYJy-Wujm0O7XQNJ4KfhyFZrXCJQt2OgmAy5cYB1ZuMsdP5DQen7WUf0l9UeIjDPbfzMDheYxJHmC3YI33aA03jaLj3dmp0BVGvZi2JwR8uKWdjc46MXP0o5uD0_Ye1a8kFkNb-gehHLaYiipIV0tyzP4qhLle-Bl_eU91RGkadRIBYwoBEXeRNid3z4V8hgiuo_LvU10tUfl3W2njGeC6e2v9Hcxmbnw5pQ2Fwj5zjuwHeLA6g8HSWWqnHFidYH7As_xHkt50k8VeGswOutwaZ-NXFKECBgdtqQSHE2Wd5jmIHRqwSU7_w7GIfaKhd4mqLnbfZzZFTifuq12LyYRbx_hoWmPVA7mueTAeVxkyyTvdnvppSn5VEV1ZlfgHxuoDUMalAHqx7gSqifIKxn2nXtkq1zOCJILLZDMpPrGl0GzXWaQjInBCpAUFLR6DYilsPPt02bTSZOyxk&xkcb=SoBz-_M3Py0DyS26Rh0ObzkdCdPP&p=5&fvj=1&vjs=3
Cocos2d-x/ソーシャルゲームの開発運用または新規開発の求人の詳細,ギークス株式会社,東京都 渋谷区 代官山駅,https://jp.indeed.com/pagead/clk?mo=r&ad=-6NYlbfkN0AEZeQ5BDHuTqhiTI2118DcpXXxVE54bpFUdQLTLs7Ju6skzmOmnDwK_ETX_0jqM1bwovZyTlw1eZMfrWxS6245Pnaunla5Qi-2dHpEWmW6b-aQlvwacKyRIGOXMRHElLVcsyyAycejnAY4sVZFbP_mrwO8b_ZjEyVWyrhQ6IaFNcOyyOIp22D_Hi8P7X_GxiSSZzPvAAzJma14s-2YDXvqZXf3SNJ-m0cmbuOAwoSS_NL1vFpol-kJbDtk2hDTW8pw-uAhTJBeYDJNy8KJSf8T7TSlbNRLQFqi31JmDoiVp-f-gU2zyRJuFCjeatzght1zLlPLuIiQW4e4zas0xKd5XK_iXFCxDTpWyT4PoCuIs7kZ6R1LZ9Ax1qCZfJFU3H43U8_MfBvU7ZFmm4oGHR_fH9UTeMyW2U8Rbbu3gIR1Agg-TUQ0zf7bRdBI7rbo_IrYDfzwT0v0EPhLlM8HY2q2rT3dkUj0XqeG4OOrmh_roGj4Wl2RihET82GBi1etXKO9JgqJHz-xO2XNMHn8KGCXbiB-WtEh3dXkrrxHzIZdScGYzgy66zo570hadvNp6T6ABJkv_kztt_fh7V-fJUt4pFJwcuBDkhw=&xkcb=SoDu-_M3Py0DyS26Rh0NbzkdCdPP&p=6&fvj=1&vjs=3
EC系アプリ改修の業務(Ruby)の求人の詳細,株式会社スキルコネクト,神奈川県 横浜市,https://jp.indeed.com/rc/clk?jk=c06aa85b53b8bc05&fccid=d061d354a33697e3&vjs=3
Ruby/薬局向け先端サービス開発業務の求人の詳細,株式会社Arkanoids,在宅OK in 東京都 23区,https://jp.indeed.com/company/%E6%A0%AA%E5%BC%8F%E4%BC%9A%E7%A4%BEArkanoids/jobs/%E9%96%8B%E7%99%BA-8bd3a67aa5eb942f?fccid=a3d18795913cab07&vjs=3
フリーランスエンジニア | Python / Ruby/ボイスチャットアプリ開発の求人・案件の求人の詳細,株式会社コーボー,東京都 港区,https://jp.indeed.com/company/%E6%A0%AA%E5%BC%8F%E4%BC%9A%E7%A4%BE%E3%82%B3%E3%83%BC%E3%83%9C%E3%83%BC/jobs/%E9%96%8B%E7%99%BA-39b9148abdc8f03f?fccid=9c435bca63befb85&vjs=3
Ruby/釣り業界向けアプリ開発支援業務の求人の詳細,株式会社Arkanoids,在宅OK in 東京都 23区,https://jp.indeed.com/rc/clk?cmp=%E6%A0%AA%E5%BC%8F%E4%BC%9A%E7%A4%BEArkanoids&ti=%E3%82%A2%E3%83%97%E3%83%AA%E9%96%8B%E7%99%BA%E3%83%BB%E9%81%8B%E7%94%A8&jk=0187db185c1c6270&fccid=a3d18795913cab07&vjs=3
Rubyエンジニアの求人の詳細,株式会社Arkanoids,東京都 中央区,https://jp.indeed.com/rc/clk?jk=728a0ea4d8dfd972&fccid=a3d18795913cab07&vjs=3
【Ruby】顧客向けサービス開発/経験者のみの求人の詳細,レバテックフリーランス,東京都 港区 浜松町,https://jp.indeed.com/pagead/clk?mo=r&ad=-6NYlbfkN0AsTlSaBqJOVEvYo1DpewtHiEmmnrAmP1pObe0IvdYJy-Wujm0O7XQNJ4KfhyFZrXCJQt2OgmAy5auSrbFu4APUg1Z95YrojLvPGvSrm2C0HPVFIjiQYprgO2sA1Jx7jXrLqs2-OkNTKYfdx7miNLfLADSB2JiP0eJpp9xlACXuueSBfn9z2OFsnSuFbi4I5fM9XG82B6JHY5H6oYydX9Y_Sqzeltci_2V2FRqS73yfz-wN69bcTEM3MX14lgDc62A_WYt6EIWWmkerGNkP4uCfv18YSUhfMk7dW8q37dbRNZeEFIcORczMdRVsuc7dYVfA5nYaHyfZkVR2lckfgV85gr8GDmpS9r51vBi7g2yvoHbW1NJgLvwVPNIq1_8zlIUsbfC56gKLviZRRzPcZFf8RzUElKyncbpr9sTViMPliplZyqzsVoUw788O_vPS8nR3qO50iznsDwk4rwsYPfHBEPQHjeTlOVEwIpJU1jQghPQfRpfeuYPw&xkcb=SoCg-_M3Py0DyS26Rh0HbzkdCdPP&p=12&fvj=1&vjs=3
プログラマーの求人の詳細,手間いらず株式会社,東京都 渋谷区 恵比寿,https://jp.indeed.com/rc/clk?jk=f8f1461167734235&fccid=134c93aa44d1dc9a&vjs=3
【Ruby】短尺動画投稿サイト開発/経験者のみの求人の詳細,レバテックフリーランス,東京都 中央区 銀座一丁目駅,https://jp.indeed.com/pagead/clk?mo=r&ad=-6NYlbfkN0AsTlSaBqJOVEvYo1DpewtHiEmmnrAmP1pObe0IvdYJy-Wujm0O7XQNJ4KfhyFZrXBCs98-BvsiaaT3TDfXDuZgqnU0vRn69_QAyrzppQm3MhMQY3G6B5uQ7LyGoWFxSWlPMbx31FwVC2saMt_Td04LqVupzBgMxJHDzBJz76feiMnMkHAfpIkE9E-fGCi5-B8mpDGl1w0zv6HibkNC-CvPkoZJuFJpdMz5t0KEiXu8hmyZmzj0gN1eo-EPUHAEiSu6es10zJ1g4_gBmzjq1B7XibDvd_9vN-oEYMnmSSNoRQi3xMnVfTVQdR9x9h-HCGkOwLcDwuINl1KrJrubk1l4xXLVFc2v7AULqnK-8_bxhFCY0oR4vU-diaYkptaEC5iACvop9SstwkrRBaeYr5bn_A4aeJYuQSNhwjzFqA1R456W4x7a4OObJ6RbuLO6TR_q1ltXaHxIZQO5pcPosTeGtyrFuD5zEdiYtLWzbBoHWKetw69NQZaH&xkcb=SoCJ-_M3Py0DyS26Rh0FbzkdCdPP&p=14&fvj=1&vjs=3
Rubyエンジニアの求人の詳細,株式会社Arkanoids,東京都 渋谷区,https://jp.indeed.com/rc/clk?jk=f4a596025117353a&fccid=a3d18795913cab07&vjs=3
テスト・QAエンジニア(アルバイト)の求人の詳細,(株)primeNumber,在宅OK in 東京都 品川区 目黒駅,https://jp.indeed.com/company/(%E6%A0%AA)primeNumber/jobs/Qa%E3%82%A8%E3%83%B3%E3%82%B8%E3%83%8B%E3%82%A2-516898a0d445a14e?fccid=122643c0787b41b4&vjs=3
Python/Ruby/Perl/PHPエンジニアの求人の詳細,株式会社ビットストロング,東京都 文京区 春日駅,https://jp.indeed.com/rc/clk?jk=c05c6a32045d8459&fccid=01cd83190a9eea30&vjs=3
Pythonソーシャルゲームサーバーサイドエンジニアの求人の詳細,バリューアークコンサルティング株式会社,東京都 港区,https://jp.indeed.com/pagead/clk?mo=r&ad=-6NYlbfkN0CHpOIvs3qZoxdDkkV0grb98xiOiTZGrDQWG8gPHSDJX96eM29f4XAl_WasSbU0YI8DYQwgtae2aapH0mx_VBj_CgshL6mkfKERq-resDqs6T04nGwg3AOtZP6YnEB8QwMHo849JCYE7ni-ipkDxUTfGs6jFPVcvfB4eUNt5hZPDmJe7vlO4Tcxc7BldbpcMeaa2NrRisVuMslBiPFmsm_EYbirJTc6WZGeITaxDibePCs1IIZaZO3s6Xm5CLmeSDOOCbYFUgBlolaPWIAEDOQUycT9OBmqsJOkHCrzfcEoZ4rlzjWBQfmnTLpMGKSwW250Yj6mCHLQGBK4Y5_NOu8lkN4h3BRcl3pVomYfCFR9u73oKwdqfcTbWDCEw46IuyxI_JNBFcKtq8qU0e1brlBMvJj_jgAtuowkoicRGt-BCAH9tHq6rR2zILTcmgT871y07Lj9q3C7YouuxssU5r5vxfsLo_Zkg54=&xkcb=SoBE-_M3Py0DpgWTMZ0ObzkdCdPP&p=3&fvj=0&vjs=3
【リモート可】フルスタックエンジニア/責任者候補/の求人の詳細,ユーザーライク株式会社,東京都 世田谷区 代田橋駅,https://jp.indeed.com/pagead/clk?mo=r&ad=-6NYlbfkN0AVYPQj7_KeEwb1kG9tQDTmr0lK2pSC4nEtKc-G7pKqQD8nLmz3OHmBVj5-ta5zveaRs6HX6g5krejCpRr0JcVUtt8vl781MdSizNUt-dHIrg1DUXswHLthyKsU_cKkuCOozIjNmKH-WVX3eygg8daVdLI2gmaICB67ZNtfhrwbdD8l5wHRrC6UvfpN0suop2vsVK1D_h9TKLcnRM7_r_uQz9viJZEw3XfA-n90S9aNDHWO_5G9RhJjDm6yoEi2maVc6QJ58LN0HbR90cGjbUMfni8f6vx7dkl7YJT5PoOfaPDee6YbSY3kI55raDdp3mgv8JT9wVluqKyhbJn71yB579Ar_6ZBjFa8EF4qIhKnXoXfbV-dD1Osl2prTOzTo-f4Pm6zz9FeTuj_FNoq7z4v8iZmTLIYLphoXtdNf3YtmHoe0Wp4jb80DFxu0MwJ_gxl_a8eYdFzK5bc55VP-S01b5x5PlaLHjnXerdMPbMEiiZzdb9DvZM4yYyMtd4edY5FsP7W0d6Zd929fi_cStLe5-o-W3bpwdE=&xkcb=SoDZ-_M3Py0DpgWTMZ0NbzkdCdPP&p=4&fvj=1&vjs=3
モバイル端末管理システムのカスタマイズ対応(Ruby)の求人の詳細,株式会社スキルコネクト,熊本県 水俣市 浜松町,https://jp.indeed.com/rc/clk?jk=7471d8538f0a88bf&fccid=d061d354a33697e3&vjs=3
フリーランスエンジニア・Ruby on Railsエンジニア(リモート)の求人の詳細,ACE Inc.,東京都 中央区,https://jp.indeed.com/company/ACE-Inc./jobs/Ruby%E3%82%A8%E3%83%B3%E3%82%B8%E3%83%8B%E3%82%A2-5a1fc1c11bcce8b5?fccid=c26c8ebf09c0094f&vjs=3
ガールズバーレディの求人の詳細,Girls Bar RUBY,千葉県 千葉市 中央区 新宿,https://jp.indeed.com/company/Girls-Bar-Ruby/jobs/%E3%82%AC%E3%83%BC%E3%83%AB%E3%82%BA%E3%83%90%E3%83%BC%E3%83%AC%E3%83%87%E3%82%A3-8d67f84403db9808?fccid=d2bc6479e5707653&vjs=3
Ruby/旅行関連のWEBサイト開発業務の求人の詳細,株式会社Arkanoids,在宅OK in 東京都 23区,https://jp.indeed.com/company/%E6%A0%AA%E5%BC%8F%E4%BC%9A%E7%A4%BEArkanoids/jobs/%E6%97%85%E8%A1%8C%E6%A5%AD%E5%8B%99-b493eb3e0c6ee0c6?fccid=a3d18795913cab07&vjs=3
Ruby/医療系システム開発業務の求人の詳細,株式会社Arkanoids,在宅OK in 東京都 23区,https://jp.indeed.com/company/%E6%A0%AA%E5%BC%8F%E4%BC%9A%E7%A4%BEArkanoids/jobs/%E3%82%B7%E3%82%B9%E3%83%86%E3%83%A0%E9%96%8B%E7%99%BA-6aaba4b9d29b38c9?fccid=a3d18795913cab07&vjs=3
【本選考直結】Dive into MIXI 2023 夏季(エンジニア)の求人の詳細,株式会社ミクシィ,東京都 渋谷区 渋谷,https://jp.indeed.com/rc/clk?jk=d21f4dea7574c78f&fccid=1c5650793e833aaa&vjs=3
ChatGPTのAPIを使いこなすデータサイエンティスト!の求人の詳細,株式会社KandaQuantum,在宅OK in 東京都 23区,https://jp.indeed.com/company/%E6%A0%AA%E5%BC%8F%E4%BC%9A%E7%A4%BEKandaQuantum/jobs/%E3%83%87%E3%83%BC%E3%82%BF%E3%82%B5%E3%82%A4%E3%82%A8%E3%83%B3%E3%83%86%E3%82%A3%E3%82%B9%E3%83%88-bfeb8acfefa1a64e?fccid=33caa9f1dc7f9e47&vjs=3
【社内エンジニア】VRエンジニアの求人の詳細,株式会社C9,東京都 23区,https://jp.indeed.com/rc/clk?cmp=%E6%A0%AA%E5%BC%8F%E4%BC%9A%E7%A4%BE%EF%BC%A3%EF%BC%99&ti=%E3%82%A8%E3%83%B3%E3%82%B8%E3%83%8B%E3%82%A2&jk=0fff7903ae0bd4b3&fccid=53617496eef8d6bc&vjs=3
ゼロからの研修があるプログラマー・コーダーの求人の詳細,アーティカル株式会社,東京都 千代田区,https://jp.indeed.com/pagead/clk?mo=r&ad=-6NYlbfkN0BF7AF7fsJJHyXbgoZSShA3T-EuSz0xfED9o7OoAh_KHgVDXLY6KB9hiORXwrKbgnx33jbwbp2jhp1yC3wEdpjYRW4Tnxx87A1YMYMoLs8vzAr-zjX6bH8fKMMmktABoi84UTKKz-yic6ISf8r_UPIpPuBXyMavgJ2y2Cl2Na8NV4Puge1PrIl4g-j65EezlyNLnnOGN94JxpATy3iMohKlPnGv-5f_wY_eS4ysM1MfwDI8dXup3xFPmW2eF6tQUUxlNfm1gb0aBor4qLuGfoH7CZUlfLC5wWnoI6uVS2kmk3y9OQQkP_-u7ZlCxZHo6eH51nTztSto_O0JSOvgtaaZ3IESLPiWZ_Wx8kY9RHRhLXhRvSU5UdMvoGY2lMN8im3TkBjyU5voCyjGDmaVsT0FxyE588FUpe0przHD3QbBqzLQTVvvpUXjgXnCdTcIGvbeoUFtrEQ5mrTWMZEN_GAeyLv0NhL5RNrPKyPyBAhar6ozQGbEphGioRrpsfQhgaPOno7gczg0hVCo7ysnySAEAopbblOajCtbExFEgT2lizmdoKIejjnvGPC7aGYPDUID5MfFAA7v6GzN83OGNOA_r3TEoe7gAvMjzvcKejMtCH9AyoTGx1RkDh5wWx6MEcG9lMgqJupKf9k4-FCEiKKMKfwgvRi5NAmoidBYC-TAw1V9CvZzoYv--ZH57Bq4fREG6wwvv79ljzEyuXrMQK2UsjMKNqLxj0jquP7FETc6MJuy-MlWSTs05QwygfzAZ5tAugs2ekrxQehdeboFoewfRq33cVz64SQAUlxdEfKo5WrA4LIRC846h0BP8n3pb7rD52L2iJyd3IoQniY6jzoW4aStNlnL4ydG8j3qN50W9cJLiokk-56Q&xkcb=SoAK-_M3Py0DpgWTMZ0EbzkdCdPP&p=13&fvj=1&vjs=3
プログラマの求人の詳細,合同会社フェブリックス,東京都 新宿区,https://jp.indeed.com/rc/clk?jk=a83549266d6b3ac9&fccid=5035c07584381ec4&vjs=3
【社内エンジニア】VRエンジニアの求人の詳細,株式会社C9,東京都 23区,https://jp.indeed.com/rc/clk?cmp=%E6%A0%AA%E5%BC%8F%E4%BC%9A%E7%A4%BE%EF%BC%A3%EF%BC%99&ti=%E3%82%A8%E3%83%B3%E3%82%B8%E3%83%8B%E3%82%A2&jk=0fff7903ae0bd4b3&fccid=53617496eef8d6bc&vjs=3
【Ruby】ゲーム開発/経験者のみの求人の詳細,レバテックフリーランス,東京都 渋谷区 明治神宮前駅,https://jp.indeed.com/pagead/clk?mo=r&ad=-6NYlbfkN0AsTlSaBqJOVEvYo1DpewtHiEmmnrAmP1pObe0IvdYJy-Wujm0O7XQNJ4KfhyFZrXCJQt2OgmAy5R0k9E3TWDw6IwPI9h3LFK0NrxSMZVdaeRcwYYrwkQi-7ySJKUfxGAHj6III-jR_EQZzk0uJgo_uQDCdL6ebQn3qLanaMK316gM00MfV7Q3zLXHQYxu29-xm-_VG0MDZ8tOQNCY4jK7KtM_g9bv6CTMrr6iKFMAN29oL4845kC4TFQe4v3ORK6wuWUnXmzHJrRssyO7mAcpiAF3b8GKtEjrCy21cSOAJPKLCNoksFIqhH0Pi1leC7PK_0FbugZ3wEwsNTmU1165FCTTg60KS7jNAP5VIRiJLZ-liNutGRGc9FJT4aiR5t4UhlSyKAKhlA3howE_5RSizk5RcyMkOBoiEiIkNvJFtlt9aY4fokmm4CCh5XOSSmnTJlPuRN4anESiEZH1l_kZO1wu7NkU57v0sfex-44UT5YuiL9zOc10F&xkcb=SoA0-_M3Py0DN0zUlJ0KbzkdCdPP&p=1&fvj=1&vjs=3
IT技術者の求人の詳細,サクラインターナショナル株式会社,東京都 千代田区 九段北,https://jp.indeed.com/rc/clk?jk=8df527788a65df29&fccid=1dd29a682b2f228c&vjs=3
バックエンドエンジニア(Go・Scala・PHP・Ruby・Python・TypeScript等)の求人の詳細,ヘルシーテック株式会社,東京都 豊島区 池袋,https://jp.indeed.com/company/%E3%83%98%E3%83%AB%E3%82%B7%E3%83%BC%E3%83%86%E3%83%83%E3%82%AF%E6%A0%AA%E5%BC%8F%E4%BC%9A%E7%A4%BE/jobs/Ruby%E3%82%A8%E3%83%B3%E3%82%B8%E3%83%8B%E3%82%A2-9fde66c6ceea1bcd?fccid=9b8744a88dc549b1&vjs=3
社内システム開発の求人の詳細,株式会社青空,神奈川県 横浜市 南区,https://jp.indeed.com/rc/clk?jk=85a3b65112146db7&fccid=1dc6243c62c295a9&vjs=3
Rubyエンジニアの求人の詳細,株式会社Arkanoids,東京都 中央区,https://jp.indeed.com/rc/clk?jk=096018166ddd2824&fccid=a3d18795913cab07&vjs=3
【Ruby on Rails】求人サイト開発/経験者のみの求人の詳細,レバテックフリーランス,東京都 港区 六本木,https://jp.indeed.com/pagead/clk?mo=r&ad=-6NYlbfkN0AsTlSaBqJOVEvYo1DpewtHiEmmnrAmP1pObe0IvdYJy-Wujm0O7XQNJ4KfhyFZrXD-cTFU3tuiIMcYKxfj7cJKfudw209bnEvn4-FK3WkjfR-DQ8y8WiSQFuMENnJ1xxQTs0OeWK-fL793aajvWQ2DswRUTA4vDGDVcQi_nQrf5flXUZF2KW5uBRD-d2JFSYwB2XY9G7LorjvA3H9NNdQyGhRPY6qskYRl0AirikYVJ4l584cXu2duNBLxbSIRywcyCE6BubMQtBnCQD5jy-c1MBld01oi71mT5EEiOFPCEZBztswfYVvRuaAf21ydgE6cX0O9B8oL4RFlOeisWSdYt_MdV3n5czYVY_ujlNBIbNFZvmQWaG3-69hRU9adLdhdDxLzFtXkhJMhZi0NTHgJvGSS9Krs-OEOPMI1scI9w25alA0-_pIDJg7wzpBO10psQck22XN7sViC2iO2c0G3M8g50bpZdws2u3lAtp9oMumXHmB0mQBG&xkcb=SoC6-_M3Py0DN0zUlJ0NbzkdCdPP&p=6&fvj=1&vjs=3
【インターンシップ】エンジニア/プログラマーの求人の詳細,株式会社ANIMA GROUP,東京都 渋谷区 渋谷駅,https://jp.indeed.com/rc/clk?jk=82af25ff115a1c8e&fccid=f8a9902aaf5039ee&vjs=3
WEB関連 / EC:WEBエンジニア_バックエンドの求人の詳細,株式会社READY TO FASHION,東京都 渋谷区 桜丘町,https://jp.indeed.com/pagead/clk?mo=r&ad=-6NYlbfkN0BJev0PDeCb1gpL7pMsPxVbDrg_rcSYiiUpfwO0Tb5ROdbvH0uuRuGtpae6DqysBezedg4xHRKx18cLbP7q6J02W2ponofxyrDxu49_lk6aZAq2e43I4qWXC1gE8WkMHaQJ99d0h4zw-14TJhZhq87rMnHTAxmDZF28fKA3yVhcVLwnleqbuWBws3VbKy0t31Um3EhG7p0T1EaYwlR3HgIW-5cPby9QDuRTMdsKqOlbQ1FoSrEJYvu5se4wQS-gZkVHhygwTK8zgdQxgE0HnqlAfFJXvYP4gnS-oSp1j7oCblsCc1S3LX1f0gQxHDC0fRpBpkJIpxQV-w2rs8Gfj49VgRolXvWh3VnUAOytvRn-uwZPzwkhYE6EtDbsRzhUXmKa3SM4_6Wr5XT2tveHt2jeWX3n78v7IKJWPkzAtFOfnrkDb4jTE4rX58PpKUKX2PQqyssgb0nJMaFRcpFpWHwYSgI2jBS-BcHzczLG_cru6wO5skMlkZ_PaJna7gNGPGrQ7TJi55R4p35I4FT6HWQCGHzSIlhavy8o55A5sYaRBBRGhAT-zKzGUEm7o6mmvtnrW-8VY4CAA0-ophHldDLRE6dPKqBK2xbICuK_xjSM5J4kDLMbyVcN8QmTo4XEZZzqF7kNZeNTfcBwdLt1r2tT&xkcb=SoDn-_M3Py0DN0zUlJ0DbzkdCdPP&p=8&fvj=0&vjs=3
Rubyエンジニアの求人の詳細,株式会社Arkanoids,東京都 新宿区,https://jp.indeed.com/rc/clk?jk=aa9c824bc97c50bc&fccid=a3d18795913cab07&vjs=3
Ruby/ニュースサイトリニューアルの求人の詳細,株式会社flyhawk,東京都 港区 新橋駅,https://jp.indeed.com/rc/clk?jk=f8e029a58dd49c3c&fccid=de7a7b3b3139bf61&vjs=3
フルリモートプログラマ (アルバイト)の求人の詳細,株式会社 エムケイシステム,愛知県 名古屋市 中区 丸の内,https://jp.indeed.com/rc/clk?jk=dea31e82e4ca1eab&fccid=605a777eff376100&vjs=3
Ruby on Rails/医療系データ分析基盤開発業務の求人の詳細,株式会社Arkanoids,在宅OK in 東京都 23区,https://jp.indeed.com/company/%E6%A0%AA%E5%BC%8F%E4%BC%9A%E7%A4%BEArkanoids/jobs/%E3%83%87%E3%83%BC%E3%82%BF%E5%88%86%E6%9E%90-5ef8d5427c5eaad5?fccid=a3d18795913cab07&vjs=3
webデザイナーwebディレクター未経験インフラの求人の詳細,Y.W.C.株式会社,宮城県,https://jp.indeed.com/pagead/clk?mo=r&ad=-6NYlbfkN0AyFOyHkwBnB0j44jnHKTKuhFvL6uqHtevszlLFepn01VCXXCnLzWlcGqFw_hxCI_HZE63lvKmXCgjHY_LrW5RFyoZFPl8-pJbGpiXPTSkiHpnzClN91ibT_JtmqCGAuYF56sSVXCnShJgO8AlGoF8axvpd5j3rr31FSLCOauxht3Xa7yH0F5yCVoGHyNiBfsb0YRSA0lQQD8W0axnAvtfLjdjpxIY8kSvIAzA1dM623PEF7WHr7F_yY3flnOfxXU_8oXxCT8VOgXohOZJEoWhAIPrWFUhTPrgDUAya9lpt3HQVrDYhTw_f7HAgvmETqQigS1PzXHAp9C8D4QtK6hwVHSZKX90mmZaz2Mjo-JEa3YSeLGNrBnQZeB9r0G_AaJY5V0WtkQwZEHkFS5q8cZ3fSS27eQy6SNAt2I5bzwuJlkcyBXVAPNrDXg2pd-oVb7MjUgbv0nVb8gy9xYu9T29N3fi8QfrCvDTPkqTD8IItal8mbKeYxu6mGLWJ7yJdVmmAZbxDgFyMw5BjwPhdTe2IUNzZ2oM-0DO19_hW-yfrfTuxYA-gdlmJdBMDLtHj4jj_97Uh4-mnOLzOOvCdPfdgCHK-usjMPmrtoTjteqn7aOiASeVJo7T7C_nWUXD8dG4=&xkcb=SoBA-_M3Py0DN0zUlJ0GbzkdCdPP&p=13&fvj=1&vjs=3
データ分析の求人の詳細,株式会社Next Fortune,東京都 港区,https://jp.indeed.com/rc/clk?jk=e3b6e5d242f905b8&fccid=dd616958bd9ddc12&vjs=3
Webプログラマーの求人の詳細,株式会社SUMICA,東京都 港区 品川駅,https://jp.indeed.com/company/%E6%A0%AA%E5%BC%8F%E4%BC%9A%E7%A4%BESUMICA/jobs/%E3%83%97%E3%83%AD%E3%82%B0%E3%83%A9%E3%83%9E%E3%83%BC-372c72bcf4451465?fccid=e45a480535dcb427&vjs=3
Ruby/マーケティングプロダクト開発業務の求人の詳細,株式会社Arkanoids,東京都 品川区 目黒駅,https://jp.indeed.com/company/%E6%A0%AA%E5%BC%8F%E4%BC%9A%E7%A4%BEArkanoids/jobs/%E3%83%97%E3%83%AD%E3%83%80%E3%82%AF%E3%83%88%E9%96%8B%E7%99%BA-9dd71b368f4569e4?fccid=a3d18795913cab07&vjs=3
Rubyエンジニアの求人の詳細,株式会社Arkanoids,東京都 新宿区,https://jp.indeed.com/rc/clk?jk=e71b0bf9c7950c4b&fccid=a3d18795913cab07&vjs=3
デザイナーの求人の詳細,株式会社ロクナナ,東京都 渋谷区 神宮前,https://jp.indeed.com/rc/clk?jk=ffb3523d199615ba&fccid=f6fe4434cac2d54f&vjs=3
【Python】人材系プラットフォーム開発/経験者のみ/週3以上OKの求人の詳細,レバテックフリーランス,東京都 渋谷区,https://jp.indeed.com/pagead/clk?mo=r&ad=-6NYlbfkN0AsTlSaBqJOVEvYo1DpewtHiEmmnrAmP1pObe0IvdYJy-Wujm0O7XQNJ4KfhyFZrXCZs0NnXm52WA2Pc9BiUc_D_JU-qpUsl3HNSjjLsgMyDVWEIyFZ4sRw-Qmc4CYqbRnKvWwcw_0R9iEV8u6K-UdemFLJwVeBEmEKRDRBqMejQMS4plaLTI43WbOpwPW4Z4IO8PlO8usyzlNvYbZ9IneCpzflqTm2yjgw3TabSG8ucY6TiODoVevcbWHbms4q1PCrSjHbUIPl6NuOV5Y_hjfGX3UYk3VLirodr-9QLqeQCJYJHepQ2RLwkXjK3l73Ii3r9W9g-cwjCB7YjEFXC0yf-_JXC9NCvHv21ZnHWNvM0XC4EmlfYw8VCFnvxO9SOrPPkQxL7IBGHCcmj0JEAc073phHpsc76UKsfWjNczrO03987jaWFTzMtQATmG54E0Ekg43LG6Uj52HZK0SGEevF-MpsYq0cXBYtDZ5fCY7UQ0C4BI_BoMBnptA5GgC0LmU=&xkcb=SoDT-_M3Py0DN0zUlJ0YbzkdCdPP&p=19&fvj=1&vjs=3
Ruby/旅行サイトの開発業務@基本リモートワーク環境!(渋谷駅)の求人の詳細,株式会社Arkanoids,東京都 千代田区 神田神保町,https://jp.indeed.com/rc/clk?jk=1ea1907a0c7bc9cd&fccid=a3d18795913cab07&vjs=3
Ruby/健康経営SaaSのプロダクト開発業務の求人の詳細,株式会社Arkanoids,在宅OK in 東京都 23区,https://jp.indeed.com/company/%E6%A0%AA%E5%BC%8F%E4%BC%9A%E7%A4%BEArkanoids/jobs/%E3%83%97%E3%83%AD%E3%83%80%E3%82%AF%E3%83%88%E9%96%8B%E7%99%BA-af51432a6ab9cf6d?fccid=a3d18795913cab07&vjs=3
Ruby/不動産会社の自社Webサービス開発業務の求人の詳細,株式会社Arkanoids,東京都 新宿区 新宿駅,https://jp.indeed.com/company/%E6%A0%AA%E5%BC%8F%E4%BC%9A%E7%A4%BEArkanoids/jobs/%E4%B8%8D%E5%8B%95%E7%94%A3%E9%96%8B%E7%99%BA-e284741ec933b7a7?fccid=a3d18795913cab07&vjs=3
【Ruby】自社サービス新機能追加/経験者のみの求人の詳細,レバテックフリーランス,東京都 千代田区 飯田橋,https://jp.indeed.com/pagead/clk?mo=r&ad=-6NYlbfkN0AsTlSaBqJOVEvYo1DpewtHiEmmnrAmP1pObe0IvdYJy-Wujm0O7XQNJ4KfhyFZrXCJQt2OgmAy5cYB1ZuMsdP5DQen7WUf0l9UeIjDPbfzMDheYxJHmC3YI33aA03jaLj3dmp0BVGvZi2JwR8uKWdjc46MXP0o5uD0_Ye1a8kFkJnCdZGLZ0iEzoQJPPGS_mv4jT2ZMfIGt_x0r6j5gkn9E8dFgYUqvGoAoDieqMw81Mr5SZ0B_PyUy3dGvBtPe7AjlqDx5Xudr0WLLEnqMBdZbzys9_2xwj8a6k7iVeS1CcxCpGTmhr7tcoi3OnUv-prE_9j6GSoEesQSw7GUIC3KrOy1CKkLAlWuXtpXPNpCod9koIZ2DVQTWo7A7baBOL3CKXoSzMw5h5Y9U4pXDbDZeIF2lEdknX2G3RFGOjyjHK-r19ED-t7AuLcifqpCNu08H-y4JI6FnPCxoT4XsQiR3_s0h7kfHgmpnJ4qfxPz8OOtJt8tJebC&xkcb=SoDA-_M3Py0DN0zUlJ0cbzkdCdPP&p=23&fvj=1&vjs=3
【Ruby on Rails】グルメアプリのサーバーサイド開発【フルリモート】の求人の詳細,株式会社bluena,在宅OK in 東京都 渋谷区,https://jp.indeed.com/company/%E6%A0%AA%E5%BC%8F%E4%BC%9A%E7%A4%BEbluena/jobs/%E3%82%B5%E3%83%BC%E3%83%90%E3%83%BC%E3%82%B5%E3%82%A4%E3%83%89%E3%82%A8%E3%83%B3%E3%82%B8%E3%83%8B%E3%82%A2-5f3344fd4ba5f3be?fccid=c9f67d9b0d24a5ec&vjs=3
Rubyエンジニアの求人の詳細,株式会社Arkanoids,東京都 千代田区,https://jp.indeed.com/rc/clk?jk=b597d071f2e9e3d2&fccid=a3d18795913cab07&vjs=3
フリーランスエンジニア・アプリ開発(Ruby)の求人の詳細,株式会社アスタ,神奈川県 川崎市,https://jp.indeed.com/rc/clk?cmp=%E6%A0%AA%E5%BC%8F%E4%BC%9A%E7%A4%BE%E3%82%A2%E3%82%B9%E3%82%BF&ti=%E3%82%A2%E3%83%97%E3%83%AA%E9%96%8B%E7%99%BA%E3%83%BB%E9%81%8B%E7%94%A8&jk=daf3b51a4536c59c&fccid=f07b77eb7995779a&vjs=3
Webプログラマーの求人の詳細,株式会社SUMICA,埼玉県 さいたま市 大宮区 大宮駅,https://jp.indeed.com/company/%E6%A0%AA%E5%BC%8F%E4%BC%9A%E7%A4%BESUMICA/jobs/%E3%83%97%E3%83%AD%E3%82%B0%E3%83%A9%E3%83%9E%E3%83%BC-62daad64ab44bfbc?fccid=e45a480535dcb427&vjs=3
Ruby/動画クリエイター向けシステムのバックエンド開発業務の求人の詳細,株式会社Arkanoids,在宅OK in 東京都 23区,https://jp.indeed.com/company/%E6%A0%AA%E5%BC%8F%E4%BC%9A%E7%A4%BEArkanoids/jobs/%E3%82%B7%E3%82%B9%E3%83%86%E3%83%A0%E9%96%8B%E7%99%BA-e263add67df174c9?fccid=a3d18795913cab07&vjs=3
未経験から始めるITエンジニアの求人の詳細,株式会社IIJプロテック,東京都 港区 新橋駅,https://jp.indeed.com/pagead/clk?mo=r&ad=-6NYlbfkN0DHqcYVRG6RqiHCITLCctTJ0bCmoh7xhjKJLUIiL-IllvffsnLcx64vLmvsOw1hrPUPIMQkPKNxN3GkfhJjzH8abtwwAYT5UaZQbJ44fiI1VXfRmypxfVpVDbIq92IyEfRP4RwRx6m53rrZtXOhoTpOEjRKNVHzU6Ip1060hfRedNeUQcTGAvBVdOwteEFwAnpHJHjQ0CBGBgmW4U63GCy2TlvrIW4W8IqN77YVjDP85OkvE20qsj43BbGJKOGFxAhZBe8hNEdsdIl-FCxFhvaTN-iQd2VnjAn7iuWl_wbHQE4K7wm4XzalMuhViloq4-M-EQQGHWLbtT3hZn_GeoglFwEc8vo4YyoFjFnAuYsZRX47qUlrSw_JBLsQZYX5AttlXp2TT-5-Fj-6YWOOQLYPqZoBHh7uAmrpEpRAMgLSni6yIGLBHbmhaGhqnsby0LDL9wZ_u_pIIsgTv4U2Jmw9DRe2enfmuiLF1CKzrXPXYrpcxRJ4sYHLWdedPhBE8hpuNcabQtfT0A2OLGc3m1ocKmzH4574MqG700jNTHthc02QvNAY6E11QM0A7ItUBxex8oIFBNb-lM75ERZzOWJBKLMIODw6DJkeyek2gW9E776tvg1zgDW73dupjAT_bIoYG4mkX-3WyZXXs6thWsWbpjJSLweqF-6fC-SHhuOeCe0vzmrFX6ltYlgRyeB1VyeY-FkMyyh3hx6VkZdhi6MBw6BF564GK7xaKK46jQXHvuAV3ikpPUk4&xkcb=SoD--_M3Py0ChJWddZ0PbzkdCdPP&p=4&fvj=1&vjs=3
Rubyエンジニアの求人の詳細,株式会社Arkanoids,東京都 渋谷区,https://jp.indeed.com/rc/clk?jk=c8d1d3efb826e537&fccid=a3d18795913cab07&vjs=3
バックエンドエンジニア(Go・Scala・PHP・Ruby・Python・TypeScript等)の求人の詳細,ヘルシーテック株式会社,東京都 豊島区 池袋,https://jp.indeed.com/company/%E3%83%98%E3%83%AB%E3%82%B7%E3%83%BC%E3%83%86%E3%83%83%E3%82%AF%E6%A0%AA%E5%BC%8F%E4%BC%9A%E7%A4%BE/jobs/Ruby%E3%82%A8%E3%83%B3%E3%82%B8%E3%83%8B%E3%82%A2-35e6dc3b6fe74f09?fccid=9b8744a88dc549b1&vjs=3
【Ruby】人材系サイト開発/経験者のみ/週3以上OKの求人の詳細,レバテックフリーランス,東京都 新宿区 西新宿,https://jp.indeed.com/pagead/clk?mo=r&ad=-6NYlbfkN0AsTlSaBqJOVEvYo1DpewtHiEmmnrAmP1pObe0IvdYJy-Wujm0O7XQNJ4KfhyFZrXCJQt2OgmAy5ShHedsQm-4IgE--oNGKo6rEbTDtLYDAVJ4OF-2oY5cKb5_fzUvxWD2QkZDLfbl_vCsi_vCsI68GQjbYEdJ9BI8xfsFCKgQlvUXs3s8qVYWXD7X2mn9VH2T_6FvuofW7VignmHUY002I02TNJ2tn8mPxusAM4mcpjWHRNHEwuN3OVmgqUkuC-0-3NleA4XY-nyjv14cv7eJSQnUZwYB8e-f5MdPMlzJ0oT1-sek6SXX4AG2_XLjez31xNz2SCKzlRk980qg3gC1NoQUqLl_VOLu-cWF3Sw2IxWsx9BvmJ-IlUfHhMu3NQobMHjDXwGYxITQfB16IXsL-9Q1zPCWOtv4glZVMvQijwXdlZMiC2nHE9Kb006rpTiAQceKUNPEBvwAgOVyvsuD50z5G9jpQPMcSHR5d2qD7_q0wtRaLbuX5&xkcb=SoBj-_M3Py0ChJWddZ0MbzkdCdPP&p=7&fvj=1&vjs=3
長期インターン エンジニアの求人の詳細,株式会社リンクエッジ,東京都 渋谷区,https://jp.indeed.com/rc/clk?jk=eb08a5b9da8bb32f&fccid=42ed0327c416df12&vjs=3
ポータルサイト運用支援の求人の詳細,株式会社スキルコネクト,東京都 港区 田町駅,https://jp.indeed.com/rc/clk?jk=e5340f5895e522b1&fccid=d061d354a33697e3&vjs=3
社内システム開発の求人の詳細,株式会社青空,埼玉県 さいたま市 見沼区,https://jp.indeed.com/rc/clk?jk=2a4a97849b2fd113&fccid=1dc6243c62c295a9&vjs=3
WEBエンジニアの求人の詳細,株式会社アイオーティー,東京都 中央区 銀座,https://jp.indeed.com/rc/clk?jk=fde083d8f73a66e0&fccid=c8a47eb5efe0cce7&vjs=3
世界とつながるスマートウィンドウの開発エンジニア(長期インターン・アルバイト)の求人の詳細,アトモフ株式会社　Atmoph Inc.,京都府 京都市,https://jp.indeed.com/company/%E3%82%A2%E3%83%88%E3%83%A2%E3%83%95%E6%A0%AA%E5%BC%8F%E4%BC%9A%E7%A4%BE/jobs/%E9%96%8B%E7%99%BA%E3%82%A8%E3%83%B3%E3%82%B8%E3%83%8B%E3%82%A2-27e5a156c2398ac3?fccid=ee63a77719575093&vjs=3
【Ruby システムエンジニア】LINEアプリのバックエンド開発の求人の詳細,株式会社Dexall,東京都 23区,https://jp.indeed.com/company/%E6%A0%AA%E5%BC%8F%E4%BC%9A%E7%A4%BEDexall/jobs/%E3%82%B7%E3%82%B9%E3%83%86%E3%83%A0%E3%82%A8%E3%83%B3%E3%82%B8%E3%83%8B%E3%82%A2-71f416e14926cf80?fccid=74903120aca8e208&vjs=3
【Web Programmer Specialist】 VISA support available!!の求人の詳細,151A NEIGHBORS Co Ltd,東京都 23区,https://jp.indeed.com/pagead/clk?mo=r&ad=-6NYlbfkN0BkO1U4CvghkopXZ4njMSyAuGMnHFBrkhvYA5RLDuvDB-s34ijMCjodPUsgLsma2O-MB3cX8vOLStlaf0ET9AKlpdAm0ECOCqeucrdHHXcKzM0ZlpzIeNRwRM2lcaRLcstQjcj2FbkOiRVRvqfLDwRi2LjPDDbGM_fl6SzKEv-h9xnd-eCnm08cZVStCZw-THqBTJSPLn8NT2oKojDXZQwEVrnDWcXJj-iXXQ3GojU6E0CQhMhtrIxdBXPc49_MmXrx1on5j-IDJppXVYVlF1JzWTCuMuGg8cEpw8WNfl8hlsu3qledZiGBwsioFwAnRxKO9Lato2roxY554mPVNTrhIEqc_2mpDMP7mEa2ptpqy2QjBhlKYF0zNaP3Bhsd94KEbSZHAiGlZ92y_D8moT3ep3LnyhrDlDmKV3sljN0NxMeIE4oChFkKLRF7oH41A318bwLBFj-VN7V8GiRoBg-TFhx72Kj6NFLl9xlMx_U_caq_UT6GUerjO_B9oUUj21VezbJSUaNQokwCV131Hwb5MJ7PVRZlwFMad_BFN_WiER6kR6IcIOAjFQ3R9D0FUvSBD9pYFO0LPPipusInbfjjdQI8TQyimzFl7mGwLF_FD_jQTuiyuoSaDSNKLEWyBLd9Rrq9vZJjISOWHNFyo5ocdRA8-fwIBjdRQm5QZQHQkGCX5BPSLqvH&xkcb=SoCw-_M3Py0ChJWddZ0FbzkdCdPP&p=14&fvj=0&vjs=3
2023-05-29
